Time[s], Channel 0
 Time [s],Channel 0-Analog
4.000000000000000, 2.849777936935425
4.001000000000000, 2.854880094528198
4.002000000000000, 2.849777936935425
4.003000000000000, 2.849777936935425
4.004000000000000, 2.849777936935425
4.005000000000000, 2.854880094528198
4.006000000000000, 2.849777936935425
4.007000000000000, 2.849777936935425
4.008000000000000, 2.849777936935425
4.009000000000000, 2.854880094528198
4.010000000000000, 2.849777936935425
4.011000000000000, 2.854880094528198
4.012000000000000, 2.849777936935425
4.013000000000000, 2.854880094528198
4.014000000000000, 2.849777936935425
4.015000000000000, 2.854880094528198
4.016000000000000, 2.849777936935425
4.017000000000000, 2.849777936935425
4.018000000000000, 2.849777936935425
4.019000000000000, 2.849777936935425
4.020000000000000, 2.849777936935425
4.021000000000000, 2.849777936935425
4.022000000000000, 2.854880094528198
4.023000000000000, 2.849777936935425
4.024000000000000, 2.854880094528198
4.025000000000000, 2.849777936935425
4.026000000000000, 2.849777936935425
4.027000000000000, 2.854880094528198
4.028000000000000, 2.849777936935425
4.029000000000000, 2.849777936935425
4.030000000000000, 2.849777936935425
4.031000000000000, 2.849777936935425
4.032000000000000, 2.854880094528198
4.033000000000000, 2.849777936935425
4.034000000000000, 2.849777936935425
4.035000000000000, 2.849777936935425
4.036000000000000, 2.849777936935425
4.037000000000000, 2.849777936935425
4.038000000000000, 2.849777936935425
4.039000000000000, 2.849777936935425
4.040000000000000, 2.854880094528198
4.041000000000000, 2.849777936935425
4.042000000000000, 2.849777936935425
4.043000000000000, 2.849777936935425
4.044000000000000, 2.849777936935425
4.045000000000000, 2.849777936935425
4.046000000000000, 2.849777936935425
4.047000000000000, 2.854880094528198
4.048000000000000, 2.849777936935425
4.049000000000000, 2.849777936935425
4.050000000000000, 2.854880094528198
4.051000000000000, 2.854880094528198
4.052000000000000, 2.854880094528198
4.053000000000000, 2.849777936935425
4.054000000000000, 2.849777936935425
4.055000000000000, 2.849777936935425
4.056000000000000, 2.849777936935425
4.057000000000000, 2.849777936935425
4.058000000000000, 2.849777936935425
4.059000000000000, 2.849777936935425
4.060000000000000, 2.854880094528198
4.061000000000000, 2.849777936935425
4.062000000000000, 2.849777936935425
4.063000000000000, 2.849777936935425
4.064000000000000, 2.849777936935425
4.065000000000000, 2.849777936935425
4.066000000000000, 2.849777936935425
4.067000000000000, 2.854880094528198
4.068000000000000, 2.849777936935425
4.069000000000000, 2.849777936935425
4.070000000000000, 2.854880094528198
4.071000000000000, 2.849777936935425
4.072000000000000, 2.849777936935425
4.073000000000000, 2.849777936935425
4.074000000000000, 2.849777936935425
4.075000000000000, 2.849777936935425
4.076000000000000, 2.849777936935425
4.077000000000000, 2.849777936935425
4.078000000000000, 2.849777936935425
4.079000000000000, 2.849777936935425
4.080000000000000, 2.849777936935425
4.081000000000000, 2.849777936935425
4.082000000000000, 2.849777936935425
4.083000000000000, 2.849777936935425
4.084000000000000, 2.849777936935425
4.085000000000000, 2.849777936935425
4.086000000000000, 2.849777936935425
4.087000000000000, 2.854880094528198
4.088000000000000, 2.854880094528198
4.089000000000000, 2.849777936935425
4.090000000000000, 2.854880094528198
4.091000000000000, 2.849777936935425
4.092000000000000, 2.854880094528198
4.093000000000000, 2.849777936935425
4.094000000000000, 2.854880094528198
4.095000000000000, 2.849777936935425
4.096000000000000, 2.854880094528198
4.097000000000000, 2.849777936935425
4.098000000000000, 2.849777936935425
4.099000000000000, 2.854880094528198
4.100000000000000, 2.854880094528198
4.101000000000000, 2.849777936935425
4.102000000000000, 2.854880094528198
4.103000000000000, 2.849777936935425
4.104000000000000, 2.854880094528198
4.105000000000000, 2.854880094528198
4.106000000000000, 2.854880094528198
4.107000000000000, 2.849777936935425
4.108000000000000, 2.849777936935425
4.109000000000000, 2.849777936935425
4.110000000000000, 2.849777936935425
4.111000000000000, 2.849777936935425
4.112000000000000, 2.849777936935425
4.113000000000000, 2.854880094528198
4.114000000000000, 2.854880094528198
4.115000000000000, 2.849777936935425
4.116000000000000, 2.854880094528198
4.117000000000000, 2.849777936935425
4.118000000000000, 2.849777936935425
4.119000000000000, 2.854880094528198
4.120000000000000, 2.849777936935425
4.121000000000000, 2.849777936935425
4.122000000000000, 2.849777936935425
4.123000000000000, 2.849777936935425
4.124000000000000, 2.849777936935425
4.125000000000000, 2.849777936935425
4.126000000000000, 2.849777936935425
4.127000000000000, 2.854880094528198
4.128000000000000, 2.849777936935425
4.129000000000000, 2.849777936935425
4.130000000000000, 2.854880094528198
4.131000000000000, 2.849777936935425
4.132000000000000, 2.854880094528198
4.133000000000000, 2.849777936935425
4.134000000000000, 2.854880094528198
4.135000000000000, 2.849777936935425
4.136000000000000, 2.849777936935425
4.137000000000000, 2.849777936935425
4.138000000000000, 2.849777936935425
4.139000000000000, 2.849777936935425
4.140000000000000, 2.849777936935425
4.141000000000000, 2.849777936935425
4.142000000000000, 2.849777936935425
4.143000000000000, 2.849777936935425
4.144000000000000, 2.854880094528198
4.145000000000000, 2.849777936935425
4.146000000000000, 2.849777936935425
4.147000000000000, 2.849777936935425
4.148000000000000, 2.849777936935425
4.149000000000000, 2.854880094528198
4.150000000000000, 2.849777936935425
4.151000000000000, 2.854880094528198
4.152000000000000, 2.854880094528198
4.153000000000000, 2.849777936935425
4.154000000000000, 2.849777936935425
4.155000000000000, 2.854880094528198
4.156000000000000, 2.854880094528198
4.157000000000000, 2.849777936935425
4.158000000000000, 2.849777936935425
4.159000000000000, 2.854880094528198
4.160000000000000, 2.849777936935425
4.161000000000000, 2.849777936935425
4.162000000000000, 2.849777936935425
4.163000000000000, 2.849777936935425
4.164000000000000, 2.849777936935425
4.165000000000000, 2.849777936935425
4.166000000000000, 2.849777936935425
4.167000000000000, 2.849777936935425
4.168000000000000, 2.849777936935425
4.169000000000000, 2.849777936935425
4.170000000000000, 2.849777936935425
4.171000000000000, 2.849777936935425
4.172000000000000, 2.849777936935425
4.173000000000000, 2.849777936935425
4.174000000000000, 2.849777936935425
4.175000000000000, 2.849777936935425
4.176000000000000, 2.849777936935425
4.177000000000000, 2.854880094528198
4.178000000000000, 2.849777936935425
4.179000000000000, 2.849777936935425
4.180000000000000, 2.854880094528198
4.181000000000000, 2.849777936935425
4.182000000000000, 2.849777936935425
4.183000000000000, 2.854880094528198
4.184000000000000, 2.849777936935425
4.185000000000000, 2.849777936935425
4.186000000000000, 2.849777936935425
4.187000000000000, 2.849777936935425
4.188000000000000, 2.849777936935425
4.189000000000000, 2.854880094528198
4.190000000000000, 2.849777936935425
4.191000000000000, 2.849777936935425
4.192000000000000, 2.849777936935425
4.193000000000000, 2.849777936935425
4.194000000000000, 2.854880094528198
4.195000000000000, 2.854880094528198
4.196000000000000, 2.854880094528198
4.197000000000000, 2.849777936935425
4.198000000000000, 2.854880094528198
4.199000000000000, 2.849777936935425
4.200000000000000, 2.849777936935425
4.201000000000000, 2.849777936935425
4.202000000000000, 2.849777936935425
4.203000000000000, 2.849777936935425
4.204000000000000, 2.849777936935425
4.205000000000000, 2.849777936935425
4.206000000000000, 2.849777936935425
4.207000000000000, 2.849777936935425
4.208000000000000, 2.849777936935425
4.209000000000000, 2.849777936935425
4.210000000000000, 2.849777936935425
4.211000000000000, 2.849777936935425
4.212000000000000, 2.849777936935425
4.213000000000000, 2.849777936935425
4.214000000000000, 2.849777936935425
4.215000000000000, 2.849777936935425
4.216000000000000, 2.849777936935425
4.217000000000000, 2.849777936935425
4.218000000000000, 2.849777936935425
4.219000000000000, 2.849777936935425
4.220000000000000, 2.849777936935425
4.221000000000000, 2.854880094528198
4.222000000000000, 2.849777936935425
4.223000000000000, 2.849777936935425
4.224000000000000, 2.849777936935425
4.225000000000000, 2.854880094528198
4.226000000000000, 2.854880094528198
4.227000000000000, 2.849777936935425
4.228000000000000, 2.849777936935425
4.229000000000000, 2.849777936935425
4.230000000000000, 2.849777936935425
4.231000000000000, 2.849777936935425
4.232000000000000, 2.854880094528198
4.233000000000000, 2.849777936935425
4.234000000000000, 2.849777936935425
4.235000000000000, 2.849777936935425
4.236000000000000, 2.849777936935425
4.237000000000000, 2.849777936935425
4.238000000000000, 2.849777936935425
4.239000000000000, 2.849777936935425
4.240000000000000, 2.849777936935425
4.241000000000000, 2.849777936935425
4.242000000000000, 2.849777936935425
4.243000000000000, 2.849777936935425
4.244000000000000, 2.849777936935425
4.245000000000000, 2.849777936935425
4.246000000000000, 2.849777936935425
4.247000000000000, 2.854880094528198
4.248000000000000, 2.849777936935425
4.249000000000000, 2.854880094528198
4.250000000000000, 2.849777936935425
4.251000000000000, 2.854880094528198
4.252000000000000, 2.849777936935425
4.253000000000000, 2.849777936935425
4.254000000000000, 2.854880094528198
4.255000000000000, 2.849777936935425
4.256000000000000, 2.854880094528198
4.257000000000000, 2.849777936935425
4.258000000000000, 2.849777936935425
4.259000000000000, 2.854880094528198
4.260000000000000, 2.854880094528198
4.261000000000000, 2.854880094528198
4.262000000000000, 2.854880094528198
4.263000000000000, 2.849777936935425
4.264000000000000, 2.849777936935425
4.265000000000000, 2.849777936935425
4.266000000000000, 2.849777936935425
4.267000000000000, 2.854880094528198
4.268000000000000, 2.849777936935425
4.269000000000000, 2.849777936935425
4.270000000000000, 2.849777936935425
4.271000000000000, 2.854880094528198
4.272000000000000, 2.849777936935425
4.273000000000000, 2.854880094528198
4.274000000000000, 2.849777936935425
4.275000000000000, 2.854880094528198
4.276000000000000, 2.849777936935425
4.277000000000000, 2.849777936935425
4.278000000000000, 2.849777936935425
4.279000000000000, 2.849777936935425
4.280000000000000, 2.854880094528198
4.281000000000000, 2.849777936935425
4.282000000000000, 2.849777936935425
4.283000000000000, 2.849777936935425
4.284000000000000, 2.849777936935425
4.285000000000000, 2.849777936935425
4.286000000000000, 2.849777936935425
4.287000000000000, 2.849777936935425
4.288000000000000, 2.854880094528198
4.289000000000000, 2.849777936935425
4.290000000000000, 2.849777936935425
4.291000000000000, 2.849777936935425
4.292000000000000, 2.849777936935425
4.293000000000000, 2.849777936935425
4.294000000000000, 2.849777936935425
4.295000000000000, 2.854880094528198
4.296000000000000, 2.849777936935425
4.297000000000000, 2.849777936935425
4.298000000000000, 2.854880094528198
4.299000000000000, 2.854880094528198
4.300000000000000, 2.849777936935425
4.301000000000000, 2.849777936935425
4.302000000000000, 2.854880094528198
4.303000000000000, 2.849777936935425
4.304000000000000, 2.849777936935425
4.305000000000000, 2.854880094528198
4.306000000000000, 2.849777936935425
4.307000000000000, 2.849777936935425
4.308000000000000, 2.854880094528198
4.309000000000000, 2.849777936935425
4.310000000000000, 2.849777936935425
4.311000000000000, 2.849777936935425
4.312000000000000, 2.849777936935425
4.313000000000000, 2.849777936935425
4.314000000000000, 2.854880094528198
4.315000000000000, 2.849777936935425
4.316000000000000, 2.849777936935425
4.317000000000000, 2.849777936935425
4.318000000000000, 2.849777936935425
4.319000000000000, 2.854880094528198
4.320000000000000, 2.849777936935425
4.321000000000000, 2.854880094528198
4.322000000000000, 2.849777936935425
4.323000000000000, 2.854880094528198
4.324000000000000, 2.849777936935425
4.325000000000000, 2.849777936935425
4.326000000000000, 2.849777936935425
4.327000000000000, 2.849777936935425
4.328000000000000, 2.849777936935425
4.329000000000000, 2.849777936935425
4.330000000000000, 2.849777936935425
4.331000000000000, 2.854880094528198
4.332000000000000, 2.849777936935425
4.333000000000000, 2.849777936935425
4.334000000000000, 2.849777936935425
4.335000000000000, 2.854880094528198
4.336000000000000, 2.849777936935425
4.337000000000000, 2.849777936935425
4.338000000000000, 2.849777936935425
4.339000000000000, 2.849777936935425
4.340000000000000, 2.849777936935425
4.341000000000000, 2.854880094528198
4.342000000000000, 2.849777936935425
4.343000000000000, 2.849777936935425
4.344000000000000, 2.854880094528198
4.345000000000000, 2.849777936935425
4.346000000000000, 2.854880094528198
4.347000000000000, 2.849777936935425
4.348000000000000, 2.849777936935425
4.349000000000000, 2.849777936935425
4.350000000000000, 2.854880094528198
4.351000000000000, 2.849777936935425
4.352000000000000, 2.849777936935425
4.353000000000000, 2.854880094528198
4.354000000000000, 2.849777936935425
4.355000000000000, 2.849777936935425
4.356000000000000, 2.849777936935425
4.357000000000000, 2.849777936935425
4.358000000000000, 2.849777936935425
4.359000000000000, 2.854880094528198
4.360000000000000, 2.849777936935425
4.361000000000000, 2.849777936935425
4.362000000000000, 2.849777936935425
4.363000000000000, 2.849777936935425
4.364000000000000, 2.849777936935425
4.365000000000000, 2.849777936935425
4.366000000000000, 2.849777936935425
4.367000000000000, 2.854880094528198
4.368000000000000, 2.849777936935425
4.369000000000000, 2.849777936935425
4.370000000000000, 2.849777936935425
4.371000000000000, 2.849777936935425
4.372000000000000, 2.854880094528198
4.373000000000000, 2.849777936935425
4.374000000000000, 2.854880094528198
4.375000000000000, 2.849777936935425
4.376000000000000, 2.849777936935425
4.377000000000000, 2.849777936935425
4.378000000000000, 2.854880094528198
4.379000000000000, 2.849777936935425
4.380000000000000, 2.849777936935425
4.381000000000000, 2.854880094528198
4.382000000000000, 2.849777936935425
4.383000000000000, 2.849777936935425
4.384000000000000, 2.854880094528198
4.385000000000000, 2.849777936935425
4.386000000000000, 2.849777936935425
4.387000000000000, 2.854880094528198
4.388000000000000, 2.849777936935425
4.389000000000000, 2.854880094528198
4.390000000000000, 2.849777936935425
4.391000000000000, 2.849777936935425
4.392000000000000, 2.849777936935425
4.393000000000000, 2.849777936935425
4.394000000000000, 2.849777936935425
4.395000000000000, 2.849777936935425
4.396000000000000, 2.849777936935425
4.397000000000000, 2.854880094528198
4.398000000000000, 2.849777936935425
4.399000000000000, 2.854880094528198
4.400000000000000, 2.849777936935425
4.401000000000000, 2.849777936935425
4.402000000000000, 2.854880094528198
4.403000000000000, 2.849777936935425
4.404000000000000, 2.849777936935425
4.405000000000000, 2.854880094528198
4.406000000000000, 2.849777936935425
4.407000000000000, 2.854880094528198
4.408000000000000, 2.849777936935425
4.409000000000000, 2.849777936935425
4.410000000000000, 2.849777936935425
4.411000000000000, 2.854880094528198
4.412000000000000, 2.849777936935425
4.413000000000000, 2.849777936935425
4.414000000000000, 2.849777936935425
4.415000000000000, 2.854880094528198
4.416000000000000, 2.854880094528198
4.417000000000000, 2.849777936935425
4.418000000000000, 2.849777936935425
4.419000000000000, 2.854880094528198
4.420000000000000, 2.849777936935425
4.421000000000000, 2.849777936935425
4.422000000000000, 2.849777936935425
4.423000000000000, 2.854880094528198
4.424000000000000, 2.849777936935425
4.425000000000000, 2.849777936935425
4.426000000000000, 2.849777936935425
4.427000000000000, 2.849777936935425
4.428000000000000, 2.849777936935425
4.429000000000000, 2.849777936935425
4.430000000000000, 2.849777936935425
4.431000000000000, 2.849777936935425
4.432000000000000, 2.854880094528198
4.433000000000000, 2.849777936935425
4.434000000000000, 2.849777936935425
4.435000000000000, 2.854880094528198
4.436000000000000, 2.849777936935425
4.437000000000000, 2.849777936935425
4.438000000000000, 2.849777936935425
4.439000000000000, 2.849777936935425
4.440000000000000, 2.854880094528198
4.441000000000000, 2.854880094528198
4.442000000000000, 2.854880094528198
4.443000000000000, 2.849777936935425
4.444000000000000, 2.849777936935425
4.445000000000000, 2.849777936935425
4.446000000000000, 2.849777936935425
4.447000000000000, 2.849777936935425
4.448000000000000, 2.849777936935425
4.449000000000000, 2.854880094528198
4.450000000000000, 2.849777936935425
4.451000000000000, 2.849777936935425
4.452000000000000, 2.854880094528198
4.453000000000000, 2.854880094528198
4.454000000000000, 2.854880094528198
4.455000000000000, 2.849777936935425
4.456000000000000, 2.849777936935425
4.457000000000000, 2.849777936935425
4.458000000000000, 2.849777936935425
4.459000000000000, 2.854880094528198
4.460000000000000, 2.849777936935425
4.461000000000000, 2.854880094528198
4.462000000000000, 2.849777936935425
4.463000000000000, 2.849777936935425
4.464000000000000, 2.849777936935425
4.465000000000000, 2.849777936935425
4.466000000000000, 2.849777936935425
4.467000000000000, 2.854880094528198
4.468000000000000, 2.849777936935425
4.469000000000000, 2.849777936935425
4.470000000000000, 2.854880094528198
4.471000000000000, 2.849777936935425
4.472000000000000, 2.849777936935425
4.473000000000000, 2.854880094528198
4.474000000000000, 2.854880094528198
4.475000000000000, 2.854880094528198
4.476000000000000, 2.849777936935425
4.477000000000000, 2.854880094528198
4.478000000000000, 2.849777936935425
4.479000000000000, 2.849777936935425
4.480000000000000, 2.849777936935425
4.481000000000000, 2.854880094528198
4.482000000000000, 2.849777936935425
4.483000000000000, 2.849777936935425
4.484000000000000, 2.849777936935425
4.485000000000000, 2.854880094528198
4.486000000000000, 2.854880094528198
4.487000000000000, 2.849777936935425
4.488000000000000, 2.849777936935425
4.489000000000000, 2.849777936935425
4.490000000000000, 2.849777936935425
4.491000000000000, 2.849777936935425
4.492000000000000, 2.849777936935425
4.493000000000000, 2.849777936935425
4.494000000000000, 2.849777936935425
4.495000000000000, 2.849777936935425
4.496000000000000, 2.849777936935425
4.497000000000000, 2.854880094528198
4.498000000000000, 2.854880094528198
4.499000000000000, 2.849777936935425
4.500000000000000, 2.854880094528198
4.501000000000000, 2.849777936935425
4.502000000000000, 2.854880094528198
4.503000000000000, 2.849777936935425
4.504000000000000, 2.849777936935425
4.505000000000000, 0.186427175998688
4.506000000000000, 0.186427175998688
4.507000000000000, 0.186427175998688
4.508000000000000, 0.181324973702431
4.509000000000000, 0.181324973702431
4.510000000000000, 0.186427175998688
4.511000000000000, 0.181324973702431
4.512000000000000, 0.181324973702431
4.513000000000000, 0.186427175998688
4.514000000000000, 0.186427175998688
4.515000000000000, 0.181324973702431
4.516000000000000, 0.186427175998688
4.517000000000000, 0.186427175998688
4.518000000000000, 0.181324973702431
4.519000000000000, 0.181324973702431
4.520000000000000, 0.186427175998688
4.521000000000000, 0.186427175998688
4.522000000000000, 0.186427175998688
4.523000000000000, 0.186427175998688
4.524000000000000, 0.186427175998688
4.525000000000000, 0.186427175998688
4.526000000000000, 0.186427175998688
4.527000000000000, 0.186427175998688
4.528000000000000, 0.181324973702431
4.529000000000000, 0.186427175998688
4.530000000000000, 0.186427175998688
4.531000000000000, 0.186427175998688
4.532000000000000, 0.186427175998688
4.533000000000000, 0.186427175998688
4.534000000000000, 0.186427175998688
4.535000000000000, 0.186427175998688
4.536000000000000, 0.186427175998688
4.537000000000000, 0.186427175998688
4.538000000000000, 0.186427175998688
4.539000000000000, 0.186427175998688
4.540000000000000, 0.186427175998688
4.541000000000000, 0.186427175998688
4.542000000000000, 0.181324973702431
4.543000000000000, 0.186427175998688
4.544000000000000, 0.186427175998688
4.545000000000000, 0.181324973702431
4.546000000000000, 0.181324973702431
4.547000000000000, 0.186427175998688
4.548000000000000, 0.186427175998688
4.549000000000000, 0.186427175998688
4.550000000000000, 0.186427175998688
4.551000000000000, 0.181324973702431
4.552000000000000, 0.186427175998688
4.553000000000000, 0.186427175998688
4.554000000000000, 0.186427175998688
4.555000000000000, 0.186427175998688
4.556000000000000, 0.186427175998688
4.557000000000000, 0.186427175998688
4.558000000000000, 0.186427175998688
4.559000000000000, 0.181324973702431
4.560000000000000, 0.186427175998688
4.561000000000000, 0.186427175998688
4.562000000000000, 0.181324973702431
4.563000000000000, 0.186427175998688
4.564000000000000, 0.186427175998688
4.565000000000000, 0.186427175998688
4.566000000000000, 0.186427175998688
4.567000000000000, 0.181324973702431
4.568000000000000, 0.181324973702431
4.569000000000000, 0.186427175998688
4.570000000000000, 0.186427175998688
4.571000000000000, 0.186427175998688
4.572000000000000, 0.186427175998688
4.573000000000000, 0.186427175998688
4.574000000000000, 0.186427175998688
4.575000000000000, 0.186427175998688
4.576000000000000, 0.186427175998688
4.577000000000000, 0.186427175998688
4.578000000000000, 0.186427175998688
4.579000000000000, 0.181324973702431
4.580000000000000, 0.186427175998688
4.581000000000000, 0.186427175998688
4.582000000000000, 0.181324973702431
4.583000000000000, 0.186427175998688
4.584000000000000, 0.181324973702431
4.585000000000000, 0.181324973702431
4.586000000000000, 0.186427175998688
4.587000000000000, 0.181324973702431
4.588000000000000, 0.181324973702431
4.589000000000000, 0.186427175998688
4.590000000000000, 0.181324973702431
4.591000000000000, 0.181324973702431
4.592000000000000, 0.181324973702431
4.593000000000000, 0.186427175998688
4.594000000000000, 0.181324973702431
4.595000000000000, 0.186427175998688
4.596000000000000, 0.186427175998688
4.597000000000000, 0.186427175998688
4.598000000000000, 0.186427175998688
4.599000000000000, 0.186427175998688
4.600000000000000, 0.186427175998688
4.601000000000000, 0.186427175998688
4.602000000000000, 0.186427175998688
4.603000000000000, 0.186427175998688
4.604000000000000, 0.186427175998688
4.605000000000000, 0.186427175998688
4.606000000000000, 0.186427175998688
4.607000000000000, 0.186427175998688
4.608000000000000, 0.186427175998688
4.609000000000000, 0.181324973702431
4.610000000000000, 0.186427175998688
4.611000000000000, 0.186427175998688
4.612000000000000, 0.186427175998688
4.613000000000000, 0.181324973702431
4.614000000000000, 0.186427175998688
4.615000000000000, 0.186427175998688
4.616000000000000, 0.186427175998688
4.617000000000000, 0.186427175998688
4.618000000000000, 0.181324973702431
4.619000000000000, 0.186427175998688
4.620000000000000, 0.186427175998688
4.621000000000000, 0.186427175998688
4.622000000000000, 0.181324973702431
4.623000000000000, 0.181324973702431
4.624000000000000, 0.186427175998688
4.625000000000000, 0.186427175998688
4.626000000000000, 0.181324973702431
4.627000000000000, 0.186427175998688
4.628000000000000, 0.186427175998688
4.629000000000000, 0.186427175998688
4.630000000000000, 0.186427175998688
4.631000000000000, 0.186427175998688
4.632000000000000, 0.181324973702431
4.633000000000000, 0.181324973702431
4.634000000000000, 0.186427175998688
4.635000000000000, 0.186427175998688
4.636000000000000, 0.186427175998688
4.637000000000000, 0.186427175998688
4.638000000000000, 0.186427175998688
4.639000000000000, 0.181324973702431
4.640000000000000, 0.186427175998688
4.641000000000000, 0.186427175998688
4.642000000000000, 0.186427175998688
4.643000000000000, 0.186427175998688
4.644000000000000, 0.186427175998688
4.645000000000000, 0.186427175998688
4.646000000000000, 0.181324973702431
4.647000000000000, 0.186427175998688
4.648000000000000, 0.186427175998688
4.649000000000000, 0.181324973702431
4.650000000000000, 0.186427175998688
4.651000000000000, 0.181324973702431
4.652000000000000, 0.186427175998688
4.653000000000000, 0.181324973702431
4.654000000000000, 0.186427175998688
4.655000000000000, 0.186427175998688
4.656000000000000, 0.186427175998688
4.657000000000000, 0.186427175998688
4.658000000000000, 0.186427175998688
4.659000000000000, 0.186427175998688
4.660000000000000, 0.181324973702431
4.661000000000000, 0.181324973702431
4.662000000000000, 0.186427175998688
4.663000000000000, 0.186427175998688
4.664000000000000, 0.186427175998688
4.665000000000000, 0.186427175998688
4.666000000000000, 0.181324973702431
4.667000000000000, 0.186427175998688
4.668000000000000, 0.181324973702431
4.669000000000000, 0.181324973702431
4.670000000000000, 0.186427175998688
4.671000000000000, 0.186427175998688
4.672000000000000, 0.186427175998688
4.673000000000000, 0.181324973702431
4.674000000000000, 0.181324973702431
4.675000000000000, 0.181324973702431
4.676000000000000, 0.186427175998688
4.677000000000000, 0.181324973702431
4.678000000000000, 0.186427175998688
4.679000000000000, 0.181324973702431
4.680000000000000, 0.181324973702431
4.681000000000000, 0.181324973702431
4.682000000000000, 0.186427175998688
4.683000000000000, 0.181324973702431
4.684000000000000, 0.181324973702431
4.685000000000000, 0.186427175998688
4.686000000000000, 0.181324973702431
4.687000000000000, 0.181324973702431
4.688000000000000, 0.186427175998688
4.689000000000000, 0.181324973702431
4.690000000000000, 0.181324973702431
4.691000000000000, 0.181324973702431
4.692000000000000, 0.181324973702431
4.693000000000000, 0.186427175998688
4.694000000000000, 0.186427175998688
4.695000000000000, 0.186427175998688
4.696000000000000, 0.186427175998688
4.697000000000000, 0.186427175998688
4.698000000000000, 0.186427175998688
4.699000000000000, 0.181324973702431
4.700000000000000, 0.186427175998688
4.701000000000000, 0.186427175998688
4.702000000000000, 0.186427175998688
4.703000000000000, 0.181324973702431
4.704000000000000, 0.186427175998688
4.705000000000000, 0.186427175998688
4.706000000000000, 0.181324973702431
4.707000000000000, 0.186427175998688
4.708000000000000, 0.186427175998688
4.709000000000000, 0.186427175998688
4.710000000000000, 0.181324973702431
4.711000000000000, 0.181324973702431
4.712000000000000, 0.181324973702431
4.713000000000000, 0.181324973702431
4.714000000000000, 0.181324973702431
4.715000000000000, 0.186427175998688
4.716000000000000, 0.186427175998688
4.717000000000000, 0.181324973702431
4.718000000000000, 0.186427175998688
4.719000000000000, 0.181324973702431
4.720000000000000, 0.181324973702431
4.721000000000000, 0.186427175998688
4.722000000000000, 0.186427175998688
4.723000000000000, 0.181324973702431
4.724000000000000, 0.186427175998688
4.725000000000000, 0.181324973702431
4.726000000000000, 0.186427175998688
4.727000000000000, 0.186427175998688
4.728000000000000, 0.186427175998688
4.729000000000000, 0.186427175998688
4.730000000000000, 0.186427175998688
4.731000000000000, 0.186427175998688
4.732000000000000, 0.181324973702431
4.733000000000000, 0.181324973702431
4.734000000000000, 0.181324973702431
4.735000000000000, 0.186427175998688
4.736000000000000, 0.186427175998688
4.737000000000000, 0.181324973702431
4.738000000000000, 0.181324973702431
4.739000000000000, 0.181324973702431
4.740000000000000, 0.181324973702431
4.741000000000000, 0.186427175998688
4.742000000000000, 0.186427175998688
4.743000000000000, 0.181324973702431
4.744000000000000, 0.181324973702431
4.745000000000000, 0.181324973702431
4.746000000000000, 0.181324973702431
4.747000000000000, 0.186427175998688
4.748000000000000, 0.186427175998688
4.749000000000000, 0.186427175998688
4.750000000000000, 0.181324973702431
4.751000000000000, 0.186427175998688
4.752000000000000, 0.186427175998688
4.753000000000000, 0.186427175998688
4.754000000000000, 0.186427175998688
4.755000000000000, 0.186427175998688
4.756000000000000, 0.181324973702431
4.757000000000000, 0.186427175998688
4.758000000000000, 0.181324973702431
4.759000000000000, 0.186427175998688
4.760000000000000, 0.181324973702431
4.761000000000000, 0.181324973702431
4.762000000000000, 0.181324973702431
4.763000000000000, 0.181324973702431
4.764000000000000, 0.181324973702431
4.765000000000000, 0.186427175998688
4.766000000000000, 0.181324973702431
4.767000000000000, 2.854880094528198
4.768000000000000, 2.854880094528198
4.769000000000000, 2.854880094528198
4.770000000000000, 2.849777936935425
4.771000000000000, 2.854880094528198
4.772000000000000, 2.854880094528198
4.773000000000000, 2.854880094528198
4.774000000000000, 2.854880094528198
4.775000000000000, 2.854880094528198
4.776000000000000, 2.854880094528198
4.777000000000000, 2.849777936935425
4.778000000000000, 2.849777936935425
4.779000000000000, 2.854880094528198
4.780000000000000, 2.849777936935425
4.781000000000000, 2.849777936935425
4.782000000000000, 2.854880094528198
4.783000000000000, 2.854880094528198
4.784000000000000, 2.849777936935425
4.785000000000000, 2.854880094528198
4.786000000000000, 2.849777936935425
4.787000000000000, 2.854880094528198
4.788000000000000, 2.854880094528198
4.789000000000000, 2.854880094528198
4.790000000000000, 2.854880094528198
4.791000000000000, 2.854880094528198
4.792000000000000, 2.854880094528198
4.793000000000000, 2.849777936935425
4.794000000000000, 2.854880094528198
4.795000000000000, 2.849777936935425
4.796000000000000, 2.854880094528198
4.797000000000000, 2.849777936935425
4.798000000000000, 2.849777936935425
4.799000000000000, 2.854880094528198
4.800000000000000, 2.849777936935425
4.801000000000000, 2.849777936935425
4.802000000000000, 2.854880094528198
4.803000000000000, 2.854880094528198
4.804000000000000, 2.854880094528198
4.805000000000000, 2.849777936935425
4.806000000000000, 2.849777936935425
4.807000000000000, 2.849777936935425
4.808000000000000, 2.849777936935425
4.809000000000000, 2.849777936935425
4.810000000000000, 2.849777936935425
4.811000000000000, 2.849777936935425
4.812000000000000, 2.854880094528198
4.813000000000000, 2.854880094528198
4.814000000000000, 2.854880094528198
4.815000000000000, 2.854880094528198
4.816000000000000, 2.854880094528198
4.817000000000000, 2.854880094528198
4.818000000000000, 2.854880094528198
4.819000000000000, 2.854880094528198
4.820000000000000, 2.854880094528198
4.821000000000000, 2.854880094528198
4.822000000000000, 2.854880094528198
4.823000000000000, 2.854880094528198
4.824000000000000, 2.854880094528198
4.825000000000000, 2.849777936935425
4.826000000000000, 2.854880094528198
4.827000000000000, 2.849777936935425
4.828000000000000, 2.854880094528198
4.829000000000000, 2.849777936935425
4.830000000000000, 2.854880094528198
4.831000000000000, 2.849777936935425
4.832000000000000, 2.849777936935425
4.833000000000000, 2.849777936935425
4.834000000000000, 2.854880094528198
4.835000000000000, 2.849777936935425
4.836000000000000, 2.849777936935425
4.837000000000000, 2.854880094528198
4.838000000000000, 2.854880094528198
4.839000000000000, 2.854880094528198
4.840000000000000, 2.854880094528198
4.841000000000000, 2.849777936935425
4.842000000000000, 2.854880094528198
4.843000000000000, 2.854880094528198
4.844000000000000, 2.854880094528198
4.845000000000000, 2.854880094528198
4.846000000000000, 2.849777936935425
4.847000000000000, 2.854880094528198
4.848000000000000, 2.849777936935425
4.849000000000000, 2.854880094528198
4.850000000000000, 2.849777936935425
4.851000000000000, 2.854880094528198
4.852000000000000, 2.854880094528198
4.853000000000000, 2.849777936935425
4.854000000000000, 2.849777936935425
4.855000000000000, 2.854880094528198
4.856000000000000, 2.849777936935425
4.857000000000000, 2.854880094528198
4.858000000000000, 2.854880094528198
4.859000000000000, 2.849777936935425
4.860000000000000, 2.849777936935425
4.861000000000000, 2.849777936935425
4.862000000000000, 2.854880094528198
4.863000000000000, 2.854880094528198
4.864000000000000, 2.849777936935425
4.865000000000000, 2.854880094528198
4.866000000000000, 2.849777936935425
4.867000000000000, 2.854880094528198
4.868000000000000, 2.849777936935425
4.869000000000000, 2.849777936935425
4.870000000000000, 2.849777936935425
4.871000000000000, 2.849777936935425
4.872000000000000, 2.854880094528198
4.873000000000000, 2.854880094528198
4.874000000000000, 2.854880094528198
4.875000000000000, 2.849777936935425
4.876000000000000, 2.854880094528198
4.877000000000000, 2.849777936935425
4.878000000000000, 2.849777936935425
4.879000000000000, 2.854880094528198
4.880000000000000, 2.849777936935425
4.881000000000000, 2.854880094528198
4.882000000000000, 2.854880094528198
4.883000000000000, 2.854880094528198
4.884000000000000, 2.854880094528198
4.885000000000000, 2.854880094528198
4.886000000000000, 2.849777936935425
4.887000000000000, 2.854880094528198
4.888000000000000, 2.854880094528198
4.889000000000000, 2.849777936935425
4.890000000000000, 2.849777936935425
4.891000000000000, 2.849777936935425
4.892000000000000, 2.854880094528198
4.893000000000000, 2.849777936935425
4.894000000000000, 2.854880094528198
4.895000000000000, 2.854880094528198
4.896000000000000, 2.849777936935425
4.897000000000000, 2.854880094528198
4.898000000000000, 2.854880094528198
4.899000000000000, 2.849777936935425
4.900000000000000, 2.854880094528198
4.901000000000000, 2.849777936935425
4.902000000000000, 2.849777936935425
4.903000000000000, 2.849777936935425
4.904000000000000, 2.854880094528198
4.905000000000000, 2.854880094528198
4.906000000000000, 2.849777936935425
4.907000000000000, 2.854880094528198
4.908000000000000, 2.854880094528198
4.909000000000000, 2.849777936935425
4.910000000000000, 2.854880094528198
4.911000000000000, 2.854880094528198
4.912000000000000, 2.854880094528198
4.913000000000000, 2.854880094528198
4.914000000000000, 2.854880094528198
4.915000000000000, 2.854880094528198
4.916000000000000, 2.849777936935425
4.917000000000000, 2.854880094528198
4.918000000000000, 2.849777936935425
4.919000000000000, 2.854880094528198
4.920000000000000, 2.854880094528198
4.921000000000000, 2.854880094528198
4.922000000000000, 2.854880094528198
4.923000000000000, 2.854880094528198
4.924000000000000, 2.849777936935425
4.925000000000000, 2.854880094528198
4.926000000000000, 2.849777936935425
4.927000000000000, 2.849777936935425
4.928000000000000, 2.854880094528198
4.929000000000000, 2.849777936935425
4.930000000000000, 2.849777936935425
4.931000000000000, 2.854880094528198
4.932000000000000, 2.849777936935425
4.933000000000000, 2.854880094528198
4.934000000000000, 2.854880094528198
4.935000000000000, 2.849777936935425
4.936000000000000, 2.849777936935425
4.937000000000000, 2.854880094528198
4.938000000000000, 2.854880094528198
4.939000000000000, 2.854880094528198
4.940000000000000, 2.854880094528198
4.941000000000000, 2.854880094528198
4.942000000000000, 2.854880094528198
4.943000000000000, 2.854880094528198
4.944000000000000, 2.849777936935425
4.945000000000000, 2.854880094528198
4.946000000000000, 2.854880094528198
4.947000000000000, 2.849777936935425
4.948000000000000, 2.849777936935425
4.949000000000000, 2.854880094528198
4.950000000000000, 2.854880094528198
4.951000000000000, 2.849777936935425
4.952000000000000, 2.849777936935425
4.953000000000000, 2.854880094528198
4.954000000000000, 2.849777936935425
4.955000000000000, 2.849777936935425
4.956000000000000, 2.854880094528198
4.957000000000000, 2.854880094528198
4.958000000000000, 2.854880094528198
4.959000000000000, 2.854880094528198
4.960000000000000, 2.849777936935425
4.961000000000000, 2.849777936935425
4.962000000000000, 2.854880094528198
4.963000000000000, 2.854880094528198
4.964000000000000, 2.849777936935425
4.965000000000000, 2.849777936935425
4.966000000000000, 2.854880094528198
4.967000000000000, 2.849777936935425
4.968000000000000, 2.854880094528198
4.969000000000000, 2.854880094528198
4.970000000000000, 2.854880094528198
4.971000000000000, 2.854880094528198
4.972000000000000, 2.854880094528198
4.973000000000000, 2.849777936935425
4.974000000000000, 2.854880094528198
4.975000000000000, 2.854880094528198
4.976000000000000, 2.854880094528198
4.977000000000000, 2.849777936935425
4.978000000000000, 2.854880094528198
4.979000000000000, 2.854880094528198
4.980000000000000, 2.854880094528198
4.981000000000000, 2.854880094528198
4.982000000000000, 2.854880094528198
4.983000000000000, 2.854880094528198
4.984000000000000, 2.854880094528198
4.985000000000000, 2.854880094528198
4.986000000000000, 2.854880094528198
4.987000000000000, 2.854880094528198
4.988000000000000, 2.849777936935425
4.989000000000000, 2.854880094528198
4.990000000000000, 2.854880094528198
4.991000000000000, 2.854880094528198
4.992000000000000, 2.854880094528198
4.993000000000000, 2.854880094528198
4.994000000000000, 2.849777936935425
4.995000000000000, 2.854880094528198
4.996000000000000, 2.854880094528198
4.997000000000000, 2.854880094528198
4.998000000000000, 2.854880094528198
4.999000000000000, 2.849777936935425
5.000000000000000, 2.854880094528198
